Ticker,N,First,Last,Hurst,NullMean,NullSD,z,p,Verdict,Interval,Lags,Shuffles
SOLUSDT,1970,2020-08-11,2026-01-01,0.6047614832459844,0.48785682118300827,0.0452887076040862,2.5813203389453396,0.005997001499250375,persistent,1d,2-99,2000
SUIUSDT,975,2023-05-03,2026-01-01,0.5968237083442635,0.47219125109528604,0.06590034898912098,1.8912260581435179,0.03798100949525238,persistent,1d,2-99,2000
AVAXUSDT,1928,2020-09-22,2026-01-01,0.5918098286648011,0.4857660978673579,0.0441570571877851,2.401512635827948,0.0079960019990005,persistent,1d,2-99,2000
DOTUSDT,1963,2020-08-18,2026-01-01,0.5714814376158222,0.4838429567490173,0.04597151477220531,1.9063648718356283,0.04297851074462768,persistent,1d,2-99,2000
ADAUSDT,2817,2018-04-17,2026-01-01,0.5695803882404014,0.49045852439433646,0.03729715728586864,2.121391269571181,0.021989005497251374,persistent,1d,2-99,2000
BNBUSDT,2923,2018-01-01,2026-01-01,0.5611487636417913,0.4907149296977569,0.036582463409398254,1.9253442053861138,0.04297851074462768,persistent,1d,2-99,2000
HBARUSDT,2287,2019-09-29,2026-01-01,0.5597489694413369,0.4882676626544015,0.04201051753322345,1.701509788124018,0.08595702148925537,no memory detected,1d,2-99,2000
DOGEUSDT,2373,2019-07-05,2026-01-01,0.5549819906453872,0.4884792636135587,0.0395062215658409,1.683348201776152,0.08995502248875563,no memory detected,1d,2-99,2000
NEARUSDT,1906,2020-10-14,2026-01-01,0.5530177814160382,0.48602542515224584,0.04557364294691299,1.4699802765784866,0.13093453273363317,no memory detected,1d,2-99,2000
UNIUSDT,1933,2020-09-17,2026-01-01,0.550753215018458,0.48720177837370365,0.04463526019458432,1.423794470284395,0.14792603698150925,no memory detected,1d,2-99,2000
VETUSDT,2718,2018-07-25,2026-01-01,0.548293527910403,0.49090143474264814,0.03688615202373841,1.5559251919479062,0.10794602698650675,no memory detected,1d,2-99,2000
BTCUSDT,2923,2018-01-01,2026-01-01,0.5452772994834797,0.49111213025501993,0.03717621799583401,1.4569843880980455,0.13093453273363317,no memory detected,1d,2-99,2000
ZECUSDT,2479,2019-03-21,2026-01-01,0.5296393857430359,0.4895179186981769,0.03806856165936409,1.0539265287683903,0.2938530734632684,no memory detected,1d,2-99,2000
ARBUSDT,1016,2023-03-23,2026-01-01,0.5293003692227682,0.4740172853028885,0.06411836158921858,0.8622036270055834,0.39480259870064965,no memory detected,1d,2-99,2000
PEPEUSDT,973,2023-05-05,2026-01-01,0.5270609792979059,0.4720852779554452,0.06316896885157937,0.8702960067565856,0.39580209895052476,no memory detected,1d,2-99,2000
FILUSDT,1905,2020-10-15,2026-01-01,0.5255509153242107,0.48556643051654125,0.04618910253525336,0.865669229601327,0.38780609695152424,no memory detected,1d,2-99,2000
ATOMUSDT,2440,2019-04-29,2026-01-01,0.523834920262863,0.48942163837226865,0.03921158597161065,0.8776304512525902,0.37881059470264866,no memory detected,1d,2-99,2000
ETHUSDT,2923,2018-01-01,2026-01-01,0.5222572177085644,0.4911744155134786,0.03683230484455619,0.843900546714762,0.4027986006996502,no memory detected,1d,2-99,2000
POLUSDT,476,2024-09-13,2026-01-01,0.5194109343533668,0.4330687113447696,0.09732633031803907,0.8871414624023282,0.39780109945027486,no memory detected,1d,2-99,2000
ALGOUSDT,2386,2019-06-22,2026-01-01,0.5192512814108993,0.4879437408108859,0.04066740951317111,0.769843493224561,0.44677661169415295,no memory detected,1d,2-99,2000
SHIBUSDT,1698,2021-05-10,2026-01-01,0.5096795179939116,0.4834101482481088,0.04810808005952476,0.5460490153275586,0.6126936531734133,no memory detected,1d,2-99,2000
ETCUSDT,2761,2018-06-12,2026-01-01,0.5046865415853201,0.49159772569778315,0.03693012068445926,0.3544211512161381,0.7136431784107946,no memory detected,1d,2-99,2000
AAVEUSDT,1905,2020-10-15,2026-01-01,0.4998037119283295,0.48739600101677116,0.04445812846418658,0.27908756711505356,0.8065967016491754,no memory detected,1d,2-99,2000
APTUSDT,1171,2022-10-19,2026-01-01,0.4973156996106445,0.4783038014093251,0.05979764457983589,0.31793724209214586,0.783608195902049,no memory detected,1d,2-99,2000
XLMUSDT,2773,2018-05-31,2026-01-01,0.49637721469815305,0.490389747206866,0.03676093456145502,0.16287582355332936,0.8825587206396801,no memory detected,1d,2-99,2000
LINKUSDT,2543,2019-01-16,2026-01-01,0.49564356142881494,0.4899239530820334,0.03842682249664948,0.14884416600618594,0.8875562218890555,no memory detected,1d,2-99,2000
LTCUSDT,2923,2018-01-01,2026-01-01,0.49050376550897706,0.49091330524686916,0.03696892632252486,-0.011077945145584763,0.9685157421289355,no memory detected,1d,2-99,2000
XRPUSDT,2800,2018-05-04,2026-01-01,0.4648611342260456,0.4910083164787617,0.03745740750138492,-0.6980510397509324,0.4687656171914043,no memory detected,1d,2-99,2000
ICPUSDT,1697,2021-05-11,2026-01-01,0.4597449956968816,0.48365479505979814,0.047786574749133344,-0.500345536135129,0.5887056471764118,no memory detected,1d,2-99,2000
BCHUSDT,2227,2019-11-28,2026-01-01,0.4571134358178724,0.4881102065718743,0.04220654659157161,-0.7344067036318909,0.46476761619190404,no memory detected,1d,2-99,2000
TRXUSDT,2762,2018-06-11,2026-01-01,0.4554419629611624,0.4903153054665347,0.036601992604473915,-0.9527716942139826,0.3448275862068966,no memory detected,1d,2-99,2000
QNTUSDT,1618,2021-07-29,2026-01-01,0.4471808581258433,0.4837715345608534,0.04951646587215786,-0.7389597740977784,0.45377311344327836,no memory detected,1d,2-99,2000
TONUSDT,512,2024-08-08,2026-01-01,0.44252435742678253,0.44091638377483183,0.09231460211647069,0.01741841068568942,0.993503248375812,no memory detected,1d,2-99,2000
TAOUSDT,631,2024-04-11,2026-01-01,0.4121758971546766,0.4522696751546504,0.08383048915566381,-0.4782720273231869,0.6176911544227887,no memory detected,1d,2-99,2000
