open_time,open,high,low,close,volume,close_time,quote_asset_volume,trades,taker_buy_base,taker_buy_quote,ignore,open_time
2024-10-17 00:00:00+00:00,155.1,168.0,146.8,151.4,18434.09,1729209599999,2817049.0924,12069,10005.382,1531695.7617,0,
2024-10-18 00:00:00+00:00,151.1,158.6,150.3,156.0,15919.415,1729295999999,2458535.566,9659,6771.667,1049056.7933,0,
2024-10-19 00:00:00+00:00,156.0,162.5,154.6,161.0,6927.793,1729382399999,1090690.3695,6170,3591.867,565559.6308,0,
2024-10-20 00:00:00+00:00,160.8,169.3,157.3,168.5,10098.244,1729468799999,1630885.5322,8378,5032.481,813979.5428,0,
2024-10-21 00:00:00+00:00,168.5,173.4,161.6,167.3,13299.581,1729555199999,2251025.0654,10548,6790.644,1149463.5776,0,
2024-10-22 00:00:00+00:00,167.3,172.6,164.2,169.0,6206.36,1729641599999,1047179.7018,8837,3013.97,510338.8942,0,
2024-10-23 00:00:00+00:00,169.1,175.5,162.9,172.4,12980.394,1729727999999,2195041.4342,11045,6822.276,1159509.1852,0,
2024-10-24 00:00:00+00:00,172.3,180.5,170.9,178.5,12351.09,1729814399999,2174801.0289,15311,5992.137,1056350.0262,0,
2024-10-25 00:00:00+00:00,178.5,178.9,160.5,165.8,14714.541,1729900799999,2523979.7965,21818,5108.519,876250.2754,0,
2024-10-26 00:00:00+00:00,165.8,174.5,163.6,172.1,6054.554,1729987199999,1025436.9868,8408,3093.124,525015.791,0,
2024-10-27 00:00:00+00:00,172.1,179.8,171.6,178.5,5462.274,1730073599999,962676.1457,8967,3111.402,548257.3321,0,
2024-10-28 00:00:00+00:00,178.1,181.3,174.2,180.1,6290.675,1730159999999,1118176.5621,9178,2999.23,534196.2648,0,
2024-10-29 00:00:00+00:00,180.1,185.0,178.1,181.2,13024.166,1730246399999,2370219.6566,21208,4753.899,865038.4646,0,
2024-10-30 00:00:00+00:00,181.2,183.0,174.6,176.5,6769.281,1730332799999,1207686.7001,9574,3345.115,596970.517,0,
2024-10-31 00:00:00+00:00,176.5,178.0,169.1,170.5,4580.841,1730419199999,798922.0545,7760,2816.273,490840.2853,0,
2024-11-01 00:00:00+00:00,170.5,175.7,165.1,167.8,5252.301,1730505599999,886562.463,13708,1791.788,302720.3134,0,
2024-11-02 00:00:00+00:00,167.7,170.3,164.0,168.0,7362.462,1730591999999,1234958.6146,8654,4568.278,768733.254,0,
2024-11-03 00:00:00+00:00,168.0,168.3,159.0,164.2,5410.992,1730678399999,884881.0294,7303,2701.971,442548.8093,0,
2024-11-04 00:00:00+00:00,164.0,166.9,157.0,159.7,11082.717,1730764799999,1813364.6717,6519,7447.415,1221560.0682,0,
2024-11-05 00:00:00+00:00,159.6,171.2,158.5,168.4,14859.142,1730851199999,2436620.5494,7797,12241.852,2004005.3342,0,
2024-11-06 00:00:00+00:00,168.3,191.6,168.3,188.6,37126.0,1730937599999,6913633.2606,25198,23988.411,4464915.7703,0,
2024-11-07 00:00:00+00:00,188.6,199.9,187.7,198.3,16488.044,1731023999999,3183773.1729,10924,9683.669,1875879.4911,0,
2024-11-08 00:00:00+00:00,198.3,207.3,197.7,201.7,20980.551,1731110399999,4239074.0131,14538,9985.592,2017967.7467,0,
2024-11-09 00:00:00+00:00,202.2,205.4,197.0,202.3,7341.543,1731196799999,1480188.4883,7817,3393.249,684881.9375,0,
2024-11-10 00:00:00+00:00,201.9,217.5,201.0,212.2,20074.192,1731283199999,4200807.8526,18970,11646.607,2441166.5834,0,
2024-11-11 00:00:00+00:00,212.6,225.9,206.5,224.0,22586.763,1731369599999,4893378.4743,21436,13664.92,2968300.0696,0,
2024-11-12 00:00:00+00:00,224.4,227.6,207.2,214.3,16679.98,1731455999999,3605464.7762,16121,7948.914,1717080.5754,0,
2024-11-13 00:00:00+00:00,214.3,222.9,203.0,217.6,29331.885,1731542399999,6256457.6889,30399,15932.566,3402597.1958,0,
2024-11-14 00:00:00+00:00,217.4,225.5,209.2,211.8,19680.267,1731628799999,4280619.6941,16731,11250.517,2450394.5923,0,
2024-11-15 00:00:00+00:00,211.8,223.3,206.8,221.3,14226.785,1731715199999,3066291.1736,12351,5815.173,1255091.0533,0,
2024-11-16 00:00:00+00:00,221.2,224.6,216.2,218.3,6976.49,1731801599999,1535414.6491,8087,3523.002,776194.9547,0,
2024-11-17 00:00:00+00:00,218.6,245.4,215.0,240.4,24901.493,1731887999999,5886203.5999,23785,12179.993,2871944.933,0,
2024-11-18 00:00:00+00:00,240.4,251.8,237.0,243.2,18763.011,1731974399999,4579963.8968,31787,6550.36,1603598.8404,0,
2024-11-19 00:00:00+00:00,242.6,251.0,237.0,240.6,12085.494,1732060799999,2955354.1959,23119,4535.003,1109597.641,0,
2024-11-20 00:00:00+00:00,240.6,246.0,233.6,239.0,12545.701,1732147199999,2989032.0921,21275,6600.183,1569579.0774,0,
2024-11-21 00:00:00+00:00,238.9,263.7,231.9,260.5,28708.659,1732233599999,7206720.6215,31422,13670.024,3439813.7455,0,
2024-11-22 00:00:00+00:00,260.4,268.3,255.5,261.0,13589.37,1732319999999,3543718.9503,17247,6709.894,1748551.0313,0,
2024-11-23 00:00:00+00:00,260.9,267.9,256.1,258.8,13850.082,1732406399999,3626178.3734,21790,5840.161,1532556.6776,0,
2024-11-24 00:00:00+00:00,258.7,263.6,243.3,257.0,19587.665,1732492799999,4986026.0493,16981,9185.997,2343515.5347,0,
2024-11-25 00:00:00+00:00,257.0,260.7,234.7,237.7,26460.016,1732579199999,6592548.4246,27121,12022.862,2995194.1555,0,
2024-11-26 00:00:00+00:00,237.8,243.4,225.1,234.6,24647.411,1732665599999,5798092.3484,23672,11210.491,2633330.6218,0,
2024-11-27 00:00:00+00:00,234.6,247.1,231.5,246.1,13699.365,1732751999999,3274300.6009,18407,7196.78,1722269.7345,0,
2024-11-28 00:00:00+00:00,246.1,249.1,236.8,241.6,12291.647,1732838399999,2965390.8245,18286,3812.379,921635.4735,0,
2024-11-29 00:00:00+00:00,241.7,250.9,240.5,247.7,10719.868,1732924799999,2644619.1229,13597,6363.439,1572544.5106,0,
2024-11-30 00:00:00+00:00,247.5,249.6,241.5,241.6,8145.092,1733011199999,2001669.4236,11502,4242.406,1042422.2776,0,
2024-12-01 00:00:00+00:00,241.6,243.9,238.1,240.8,22038.019,1733097599999,5317100.921,36131,11111.046,2680398.467,0,
2024-12-02 00:00:00+00:00,240.8,242.0,223.8,229.8,41201.165,1733183999999,9503234.3926,52356,26025.58,6009603.7894,0,
2024-12-03 00:00:00+00:00,229.6,243.9,218.4,238.3,28842.189,1733270399999,6675961.0238,28305,10885.305,2519307.1628,0,
2024-12-04 00:00:00+00:00,238.3,245.2,228.3,233.2,25061.544,1733356799999,5938609.4005,26851,10748.309,2547199.8973,0,
2024-12-05 00:00:00+00:00,233.4,249.3,227.1,240.2,45183.26,1733443199999,10866158.0531,38449,21589.847,5204378.5965,0,
2024-12-06 00:00:00+00:00,240.1,251.4,235.0,241.1,25575.972,1733529599999,6209009.9585,26487,11047.754,2684202.5753,0,
2024-12-07 00:00:00+00:00,241.1,248.0,238.4,242.6,20597.124,1733615999999,5008908.4915,22267,6341.602,1544939.97,0,
2024-12-08 00:00:00+00:00,242.7,246.1,237.6,241.6,18774.419,1733702399999,4533112.2126,22442,6587.584,1592772.9283,0,
2024-12-09 00:00:00+00:00,241.5,241.8,207.1,220.9,25999.215,1733788799999,5913513.7645,32833,9841.237,2225590.6357,0,
2024-12-10 00:00:00+00:00,220.8,225.0,207.1,217.8,20500.048,1733875199999,4452554.6407,35656,9209.197,1999346.1385,0,
2024-12-11 00:00:00+00:00,217.7,235.1,215.3,231.8,10839.781,1733961599999,2476932.3117,20850,4922.953,1122320.7508,0,
2024-12-12 00:00:00+00:00,231.8,239.3,230.1,231.5,10551.07,1734047999999,2473950.1265,21630,4121.347,967829.4175,0,
2024-12-13 00:00:00+00:00,231.6,233.0,225.1,229.5,9424.749,1734134399999,2157210.5011,20138,4900.162,1121807.9227,0,
2024-12-14 00:00:00+00:00,229.4,233.0,219.7,224.4,14647.104,1734220799999,3292843.8779,18466,4892.808,1102658.5497,0,
2024-12-15 00:00:00+00:00,224.3,230.3,220.0,229.0,6965.035,1734307199999,1564218.9662,14720,2602.242,585021.7492,0,
2024-12-16 00:00:00+00:00,229.4,232.3,217.8,220.5,14280.459,1734393599999,3195344.2439,25011,6188.747,1384319.4781,0,
2024-12-17 00:00:00+00:00,220.6,233.7,216.0,228.0,12819.168,1734479999999,2895400.854,22641,5467.258,1235855.4225,0,
2024-12-18 00:00:00+00:00,228.0,230.9,209.0,210.8,13079.633,1734566399999,2858406.1645,20518,6128.578,1335878.9794,0,
2024-12-19 00:00:00+00:00,210.7,216.5,190.2,197.4,28975.554,1734652799999,5943346.7347,30332,14150.015,2911462.3505,0,
2024-12-20 00:00:00+00:00,197.4,203.9,179.0,198.5,62650.821,1734739199999,12014380.451,94306,36729.321,7070535.0842,0,
2024-12-21 00:00:00+00:00,198.5,206.2,182.4,185.4,38214.952,1734825599999,7232424.9709,56155,27337.566,5147091.7222,0,
2024-12-22 00:00:00+00:00,185.7,191.7,180.4,184.4,9334.809,1734911999999,1732793.2926,18441,5616.039,1041534.31,0,
2024-12-23 00:00:00+00:00,184.3,198.0,180.3,194.5,26880.741,1734998399999,5040511.0118,33133,18571.464,3476709.3521,0,
2024-12-24 00:00:00+00:00,194.3,203.6,190.5,201.0,21217.556,1735084799999,4188074.2976,29959,12472.796,2467298.747,0,
2024-12-25 00:00:00+00:00,201.1,206.2,199.5,201.7,20520.54,1735171199999,4149152.347,19620,5213.292,1053791.7955,0,
2024-12-26 00:00:00+00:00,201.8,204.0,190.9,192.6,6432.578,1735257599999,1264662.3133,8927,2510.327,497418.8668,0,
2024-12-27 00:00:00+00:00,192.7,198.6,186.9,188.4,8808.302,1735343999999,1701022.3397,11519,3428.191,661321.0446,0,
2024-12-28 00:00:00+00:00,188.5,201.3,188.2,200.1,6294.78,1735430399999,1213548.6991,9374,2725.476,527564.9958,0,
2024-12-29 00:00:00+00:00,200.1,202.3,192.9,194.4,6588.691,1735516799999,1308296.6748,8987,2417.042,480957.5553,0,
2024-12-30 00:00:00+00:00,194.2,201.0,190.1,195.7,13340.499,1735603199999,2634267.9513,13062,4518.497,893515.2014,0,
2024-12-31 00:00:00+00:00,195.7,203.7,192.6,193.9,9192.053,1735689599999,1817601.9878,10515,3198.748,634263.1095,0,
2025-01-01 00:00:00+00:00,193.9,200.0,192.4,198.9,6432.759,1735775999999,1260640.0723,7503,2525.084,494951.707,0,
2025-01-02 00:00:00+00:00,199.3,215.4,198.0,212.9,17603.052,1735862399999,3662335.0825,20001,8995.94,1880998.8986,0,
2025-01-03 00:00:00+00:00,213.1,224.7,210.4,223.2,18111.241,1735948799999,3952509.1984,14314,11458.25,2516763.6067,0,
2025-01-04 00:00:00+00:00,223.1,223.1,218.3,221.6,14876.266,1736035199999,3302039.6723,7861,2834.517,627530.1233,0,
2025-01-05 00:00:00+00:00,221.7,224.1,216.0,218.6,42703.908,1736121599999,9325513.8032,22305,37928.155,8278607.4533,0,
2025-01-06 00:00:00+00:00,218.9,228.4,216.6,223.6,14210.032,1736207999999,3183590.9442,15040,9840.864,2210051.6685,0,
2025-01-07 00:00:00+00:00,223.6,223.8,206.6,207.1,12856.204,1736294399999,2767666.8766,11265,7531.183,1625796.8849,0,
2025-01-08 00:00:00+00:00,207.0,208.5,192.8,202.3,27253.722,1736380799999,5454241.6597,25156,14648.785,2932923.2769,0,
2025-01-09 00:00:00+00:00,202.1,203.8,186.5,189.6,30107.58,1736467199999,5838264.9234,37276,23963.666,4644150.4325,0,
2025-01-10 00:00:00+00:00,190.0,197.6,187.7,192.2,31522.146,1736553599999,6111548.6265,31806,19367.166,3760028.5244,0,
2025-01-11 00:00:00+00:00,192.1,196.5,188.6,192.8,17349.184,1736639999999,3321816.8675,19168,9161.388,1753398.6145,0,
2025-01-12 00:00:00+00:00,192.8,195.8,189.7,193.4,13708.837,1736726399999,2623847.8619,17569,6808.241,1302663.7927,0,
2025-01-13 00:00:00+00:00,193.7,196.8,173.1,187.2,50102.593,1736812799999,9158966.4627,52317,33926.913,6199736.9162,0,
2025-01-14 00:00:00+00:00,187.1,194.8,186.2,192.2,56291.066,1736899199999,10764298.7087,75380,45921.545,8797622.1013,0,
2025-01-15 00:00:00+00:00,192.5,211.5,190.6,211.2,11066.034,1736985599999,2220862.8547,10799,6733.122,1355158.3152,0,
2025-01-16 00:00:00+00:00,211.2,222.7,203.7,216.7,30819.501,1737071999999,6571781.4083,19545,12848.336,2757791.541,0,
2025-01-17 00:00:00+00:00,217.1,228.1,215.4,225.4,21536.31,1737158399999,4797121.8168,20370,12773.427,2843281.1161,0,
2025-01-18 00:00:00+00:00,225.4,277.5,223.3,268.7,158493.704,1737244799999,39904173.0899,146081,106499.662,26827131.4816,0,
2025-01-19 00:00:00+00:00,268.7,302.5,241.8,258.6,213113.588,1737331199999,58751863.682,182383,129607.378,35792811.9753,0,
2025-01-20 00:00:00+00:00,258.7,280.3,235.1,248.4,92856.097,1737417599999,23647078.3638,87157,57690.126,14679339.8725,0,
2025-01-21 00:00:00+00:00,248.4,267.3,236.4,257.3,38130.761,1737503999999,9480848.6178,37087,21002.077,5233828.8475,0,
2025-01-22 00:00:00+00:00,257.1,279.3,255.4,264.6,21298.825,1737590399999,5669278.0424,21191,12454.81,3317288.537,0,
2025-01-23 00:00:00+00:00,264.4,265.5,249.2,260.7,21418.904,1737676799999,5497469.8405,19701,12319.264,3163959.3962,0,
2025-01-24 00:00:00+00:00,260.7,277.8,254.4,260.5,19641.12,1737763199999,5275419.344,18441,10414.095,2798657.4966,0,
2025-01-25 00:00:00+00:00,260.4,268.4,253.7,263.9,11072.144,1737849599999,2866755.2885,11667,5118.752,1327332.0797,0,
2025-01-26 00:00:00+00:00,264.0,268.0,247.5,247.6,17311.257,1737935999999,4527542.017,13908,11767.877,3086769.2547,0,
2025-01-27 00:00:00+00:00,247.5,249.8,227.4,242.1,31680.525,1738022399999,7544097.9809,24939,17007.209,4053427.3945,0,
2025-01-28 00:00:00+00:00,241.8,253.9,231.7,233.9,12101.162,1738108799999,2923140.679,8755,6111.455,1478254.5339,0,
2025-01-29 00:00:00+00:00,233.7,246.0,229.8,235.1,11837.184,1738195199999,2819875.415,8659,5822.784,1391532.5455,0,
2025-01-30 00:00:00+00:00,235.6,252.3,234.0,246.2,9061.821,1738281599999,2243376.8867,7586,5616.607,1393497.5926,0,
2025-01-31 00:00:00+00:00,246.1,249.3,235.5,239.2,7706.162,1738367999999,1875277.4352,5947,3390.657,828669.0851,0,
2025-02-01 00:00:00+00:00,239.2,241.7,219.6,219.6,11404.627,1738454399999,2631306.5169,9612,4446.812,1026911.6918,0,
2025-02-02 00:00:00+00:00,219.5,225.4,198.4,209.8,34867.13,1738540799999,7359592.576,22140,17774.077,3755751.5791,0,
2025-02-03 00:00:00+00:00,210.0,225.0,180.0,222.9,92495.524,1738627199999,18445696.0266,66736,66067.942,13198971.8169,0,
2025-02-04 00:00:00+00:00,222.8,226.5,208.0,212.9,21011.887,1738713599999,4561863.9079,11687,10340.484,2254190.8305,0,
2025-02-05 00:00:00+00:00,213.1,215.8,201.2,202.3,9717.609,1738799999999,2035247.9679,5936,3947.726,828536.4817,0,
2025-02-06 00:00:00+00:00,202.3,210.5,193.2,195.4,10623.297,1738886399999,2160026.6764,6968,5723.856,1167626.0758,0,
2025-02-07 00:00:00+00:00,195.4,210.2,194.2,198.6,13277.623,1738972799999,2673906.7542,8600,6255.226,1260771.1807,0,
2025-02-08 00:00:00+00:00,198.6,207.3,196.1,206.1,5062.913,1739059199999,1017097.6215,4773,2585.401,518873.635,0,
2025-02-09 00:00:00+00:00,206.1,214.2,199.4,207.2,9464.277,1739145599999,1969907.6046,6384,5131.403,1071645.2796,0,
2025-02-10 00:00:00+00:00,207.2,216.0,202.3,207.0,16100.686,1739231999999,3379337.0269,8821,10822.544,2277580.6453,0,
2025-02-11 00:00:00+00:00,206.8,213.1,201.6,204.8,12552.96,1739318399999,2615963.6428,10712,6384.05,1331332.6044,0,
2025-02-12 00:00:00+00:00,204.5,205.3,194.8,203.3,12435.993,1739404799999,2501823.7189,11858,8273.29,1664801.017,0,
2025-02-13 00:00:00+00:00,203.1,205.1,195.2,201.1,13054.85,1739491199999,2607524.9057,8062,7549.251,1511430.8354,0,
2025-02-14 00:00:00+00:00,201.0,212.2,200.8,206.5,17276.423,1739577599999,3544986.5699,8029,12110.477,2483622.5095,0,
2025-02-15 00:00:00+00:00,206.4,207.3,199.2,201.2,5220.332,1739663999999,1058558.049,4464,2176.575,440974.6095,0,
2025-02-16 00:00:00+00:00,201.1,203.3,192.4,195.1,12122.547,1739750399999,2401528.4549,8145,6139.433,1206103.9629,0,
2025-02-17 00:00:00+00:00,194.9,196.1,180.9,183.6,40190.591,1739836799999,7612182.4565,19920,27395.484,5205267.6714,0,
2025-02-18 00:00:00+00:00,183.5,185.1,166.6,175.3,46743.129,1739923199999,8119527.979,25447,30634.998,5320649.4332,0,
2025-02-19 00:00:00+00:00,175.4,180.4,169.7,175.0,13345.585,1740009599999,2350941.005,8455,8137.702,1437074.5024,0,
2025-02-20 00:00:00+00:00,175.0,183.0,173.8,182.3,11907.711,1740095999999,2120187.6999,8894,5258.904,939959.4766,0,
2025-02-21 00:00:00+00:00,182.2,187.0,173.0,174.8,13702.787,1740182399999,2475507.8046,12165,6840.348,1236473.1591,0,
2025-02-22 00:00:00+00:00,174.4,180.9,174.0,178.3,5717.602,1740268799999,1017832.5208,5592,3292.644,585454.5755,0,
2025-02-23 00:00:00+00:00,178.3,179.3,172.5,174.2,6889.366,1740355199999,1209032.2373,6840,3126.215,548502.0792,0,
2025-02-24 00:00:00+00:00,174.2,175.8,142.5,146.6,102197.816,1740441599999,16225097.2239,43191,65437.149,10425182.5749,0,
2025-02-25 00:00:00+00:00,146.6,152.2,136.6,149.4,94216.192,1740527999999,13481654.0475,37092,57088.935,8173678.6577,0,
2025-02-26 00:00:00+00:00,149.7,150.3,135.3,140.1,39114.889,1740614399999,5582302.9341,13923,26505.469,3789985.0562,0,
2025-02-27 00:00:00+00:00,140.1,148.0,139.6,142.6,14343.321,1740700799999,2056858.6982,8865,8866.629,1273214.9341,0,
2025-02-28 00:00:00+00:00,142.8,154.0,129.1,153.6,34076.509,1740787199999,4776203.5064,19448,17756.264,2500727.1113,0,
2025-03-01 00:00:00+00:00,153.4,156.6,143.8,148.8,12754.133,1740873599999,1910917.0014,6623,7284.849,1094220.8089,0,
2025-03-02 00:00:00+00:00,148.9,186.4,145.3,185.2,47786.245,1740959999999,8228919.6044,23385,30835.127,5322733.8049,0,
2025-03-03 00:00:00+00:00,185.2,186.0,144.7,147.5,42369.043,1741046399999,7053295.4069,20829,27374.974,4607886.7034,0,
2025-03-04 00:00:00+00:00,147.3,152.4,135.8,150.2,25691.79,1741132799999,3666039.0428,13513,15112.238,2153351.8122,0,
2025-03-05 00:00:00+00:00,150.2,155.4,145.6,151.8,18624.773,1741219199999,2792487.8861,6510,10878.823,1629510.8899,0,
2025-03-06 00:00:00+00:00,152.0,158.8,147.8,148.9,7763.767,1741305599999,1193154.045,3692,3474.236,534506.2147,0,
2025-03-07 00:00:00+00:00,148.7,156.6,140.2,144.6,42401.522,1741391999999,6115156.9686,8063,32952.874,4731204.8368,0,
2025-03-08 00:00:00+00:00,144.7,146.4,140.6,142.0,13170.481,1741478399999,1895648.8203,3665,7866.96,1132645.2018,0,
2025-03-09 00:00:00+00:00,142.2,145.3,129.9,131.4,16865.531,1741564799999,2298710.7917,5979,9938.839,1359076.3709,0,
2025-03-10 00:00:00+00:00,131.4,136.6,119.4,122.9,24833.253,1741651199999,3150209.2292,9370,12390.013,1578011.8208,0,
2025-03-11 00:00:00+00:00,123.0,133.3,116.4,130.1,23002.272,1741737599999,2876675.9998,8728,14335.103,1792172.2828,0,
2025-03-12 00:00:00+00:00,130.2,136.4,126.0,131.7,10802.837,1741823999999,1405914.6858,6500,5121.772,667617.7124,0,
2025-03-13 00:00:00+00:00,131.7,133.7,125.6,128.3,8297.494,1741910399999,1076748.6787,4723,4641.574,602299.058,0,
2025-03-14 00:00:00+00:00,128.3,141.6,127.9,138.8,10131.935,1741996799999,1369794.6135,6496,5840.839,787695.8464,0,
2025-03-15 00:00:00+00:00,139.0,142.1,137.8,141.3,6333.802,1742083199999,885378.3922,5931,3808.982,532495.6124,0,
2025-03-16 00:00:00+00:00,141.5,142.2,130.3,131.0,8498.177,1742169599999,1154137.4086,6194,4296.297,584191.9486,0,
2025-03-17 00:00:00+00:00,131.0,136.0,130.9,133.3,8415.676,1742255999999,1124750.4527,4795,4375.893,585640.369,0,
2025-03-18 00:00:00+00:00,133.3,133.4,126.9,130.6,8459.462,1742342399999,1094296.4065,6900,4428.792,573355.4365,0,
2025-03-19 00:00:00+00:00,130.6,141.5,129.4,141.0,14924.626,1742428799999,2010784.2355,9927,7614.978,1031511.2289,0,
2025-03-20 00:00:00+00:00,140.8,141.7,132.0,133.0,6895.636,1742515199999,939581.0752,4318,2891.608,393429.5534,0,
2025-03-21 00:00:00+00:00,132.8,135.8,130.2,134.1,12219.484,1742601599999,1625751.773,6617,7475.441,994223.1749,0,
2025-03-22 00:00:00+00:00,133.9,137.5,133.4,134.0,5984.77,1742687999999,806470.733,3878,3021.745,407739.4241,0,
2025-03-23 00:00:00+00:00,134.0,139.9,133.7,138.5,12094.654,1742774399999,1659345.0165,4015,8598.055,1179905.2759,0,
2025-03-24 00:00:00+00:00,138.6,151.2,137.8,147.2,43365.718,1742860799999,6323379.8863,14527,30082.858,4379911.5211,0,
2025-03-25 00:00:00+00:00,147.1,153.9,144.2,150.0,13523.492,1742947199999,2020841.9885,5646,8377.121,1254739.4259,0,
2025-03-26 00:00:00+00:00,149.8,151.8,141.8,143.4,13761.591,1743033599999,2032316.1273,4438,4843.6,715061.7804,0,
2025-03-27 00:00:00+00:00,143.3,146.1,141.6,144.4,6843.225,1743119999999,987584.7761,3770,3475.445,501580.5371,0,
2025-03-28 00:00:00+00:00,144.2,145.1,133.4,135.3,11428.454,1743206399999,1579741.1845,5623,5547.797,767202.7975,0,
2025-03-29 00:00:00+00:00,135.3,136.3,128.0,130.0,9017.656,1743292799999,1188487.5704,4003,3987.344,526901.2573,0,
2025-03-30 00:00:00+00:00,130.1,132.3,128.1,130.1,6039.092,1743379199999,786153.4867,4663,3328.241,433508.59,0,
2025-03-31 00:00:00+00:00,130.1,133.2,127.9,129.8,9846.801,1743465599999,1286590.4137,4951,4421.592,578435.6848,0,
2025-04-01 00:00:00+00:00,129.8,136.0,129.2,132.1,7747.921,1743551999999,1027012.9051,4218,3681.964,489513.8282,0,
2025-04-02 00:00:00+00:00,131.9,141.9,122.3,122.4,31945.646,1743638399999,4202230.0886,13974,15274.49,2001215.4798,0,
2025-04-03 00:00:00+00:00,122.4,126.2,117.1,122.0,37443.199,1743724799999,4548532.8515,10862,18711.174,2262886.1973,0,
2025-04-04 00:00:00+00:00,122.0,129.4,117.9,128.0,17643.176,1743811199999,2161261.3289,6412,9918.448,1214489.7174,0,
2025-04-05 00:00:00+00:00,128.0,132.2,122.3,125.6,18521.549,1743897599999,2329502.8968,7651,10779.2,1357635.4848,0,
2025-04-06 00:00:00+00:00,125.5,126.3,108.3,110.4,40180.219,1743983999999,4700134.1577,12499,23213.397,2721683.0071,0,
2025-04-07 00:00:00+00:00,110.3,118.0,99.3,111.7,68109.085,1744070399999,7320668.6367,19824,38181.399,4112036.9995,0,
2025-04-08 00:00:00+00:00,111.6,117.4,107.4,109.8,13199.765,1744156799999,1478663.9453,5401,6732.811,754933.3441,0,
2025-04-09 00:00:00+00:00,109.8,126.0,105.6,124.4,31912.578,1744243199999,3626500.3976,10510,19135.912,2168848.8677,0,
2025-04-10 00:00:00+00:00,124.3,124.6,113.1,117.8,9768.716,1744329599999,1159412.0703,4647,5025.516,597144.5991,0,
2025-04-11 00:00:00+00:00,117.8,128.2,117.0,126.8,15571.786,1744415999999,1923768.8873,6989,9979.312,1233964.1224,0,
2025-04-12 00:00:00+00:00,126.8,140.0,124.8,138.2,18999.558,1744502399999,2538578.2666,9265,12999.41,1739693.6164,0,
2025-04-13 00:00:00+00:00,138.0,140.0,131.0,134.2,14532.478,1744588799999,1971988.2879,6572,6638.468,900335.4589,0,
2025-04-14 00:00:00+00:00,134.1,142.2,133.8,135.1,14213.465,1744675199999,1950856.2913,6288,7193.552,990832.7084,0,
2025-04-15 00:00:00+00:00,135.2,140.3,131.8,132.1,9571.282,1744761599999,1298633.8124,4639,5737.628,778169.2183,0,
2025-04-16 00:00:00+00:00,131.8,140.0,129.3,137.3,14397.619,1744847999999,1927315.7366,4729,6610.295,887162.5681,0,
2025-04-17 00:00:00+00:00,137.3,142.3,135.6,141.1,9947.751,1744934399999,1387355.4918,4987,5170.216,721170.0521,0,
2025-04-18 00:00:00+00:00,140.9,142.3,138.6,140.5,9346.798,1745020799999,1312732.8047,4289,4781.779,672381.6399,0,
2025-04-19 00:00:00+00:00,140.3,146.9,139.9,146.1,12205.053,1745107199999,1768235.8774,5464,7722.791,1119134.7477,0,
2025-04-20 00:00:00+00:00,146.3,148.5,141.9,144.2,11457.697,1745193599999,1664006.6757,6446,6414.671,934779.6786,0,
2025-04-21 00:00:00+00:00,144.2,149.8,139.9,142.9,15329.699,1745279999999,2227223.3414,9817,8051.505,1174147.1216,0,
2025-04-22 00:00:00+00:00,142.8,157.1,140.8,155.6,18585.659,1745366399999,2790397.7764,10964,11513.433,1731418.3492,0,
2025-04-23 00:00:00+00:00,155.7,161.3,153.0,158.1,20354.172,1745452799999,3204967.7736,10914,11130.613,1757012.1316,0,
2025-04-24 00:00:00+00:00,158.0,159.9,151.7,159.6,13926.995,1745539199999,2169393.7683,8575,8284.518,1289026.6027,0,
2025-04-25 00:00:00+00:00,159.6,164.4,156.9,157.9,11555.174,1745625599999,1851412.4133,6828,6348.826,1017360.7079,0,
2025-04-26 00:00:00+00:00,157.8,160.3,154.6,156.3,4791.393,1745711999999,750912.7224,4317,1979.014,311002.8887,0,
2025-04-27 00:00:00+00:00,156.2,157.4,152.3,155.1,4164.281,1745798399999,646921.0758,3755,2321.985,361299.157,0,
2025-04-28 00:00:00+00:00,154.9,160.6,151.5,154.8,8251.118,1745884799999,1289022.8078,6194,4484.603,699794.1699,0,
2025-04-29 00:00:00+00:00,154.9,157.4,151.8,153.5,6775.594,1745971199999,1046934.6264,5136,4058.959,627671.7468,0,
2025-04-30 00:00:00+00:00,153.3,155.8,147.1,154.6,7608.462,1746057599999,1161909.9886,6883,3655.34,558809.1081,0,
2025-05-01 00:00:00+00:00,154.5,161.3,154.5,158.2,12080.339,1746143999999,1916655.1877,8383,6700.853,1063057.1978,0,
2025-05-02 00:00:00+00:00,158.1,159.2,154.2,155.0,7869.704,1746230399999,1243424.0204,6025,6220.414,984775.1476,0,
2025-05-03 00:00:00+00:00,155.0,156.3,153.0,153.8,2693.298,1746316799999,417403.162,3639,1391.549,215852.379,0,
2025-05-04 00:00:00+00:00,153.8,155.0,150.7,151.0,3092.138,1746403199999,472358.6558,5262,1733.747,264995.0582,0,
2025-05-05 00:00:00+00:00,151.0,154.9,149.5,153.8,2665.642,1746489599999,406837.9798,5995,1295.715,197954.3594,0,
2025-05-06 00:00:00+00:00,153.8,154.4,148.5,154.1,3222.701,1746575999999,488196.8292,4906,1542.201,233605.1297,0,
2025-05-07 00:00:00+00:00,154.0,156.9,151.9,154.6,3096.17,1746662399999,476686.5283,3988,1466.533,226019.339,0,
2025-05-08 00:00:00+00:00,154.6,172.4,154.3,172.4,21551.357,1746748799999,3534347.9829,11744,12053.81,1985923.5436,0,
2025-05-09 00:00:00+00:00,172.2,184.7,169.0,181.4,26432.258,1746835199999,4689768.9335,13665,17044.318,3035575.9651,0,
2025-05-10 00:00:00+00:00,181.3,187.7,176.7,186.6,14961.885,1746921599999,2710723.9377,7559,9851.239,1790271.8358,0,
2025-05-11 00:00:00+00:00,186.5,189.0,177.1,181.8,8450.007,1747007999999,1543386.3519,5125,4162.02,761927.0839,0,
2025-05-12 00:00:00+00:00,181.9,190.4,176.8,182.8,15499.12,1747094399999,2857009.9304,7940,8238.063,1521260.518,0,
2025-05-13 00:00:00+00:00,182.8,194.0,174.5,193.1,17255.697,1747180799999,3171162.6324,7379,12412.599,2279529.1274,0,
2025-05-14 00:00:00+00:00,193.0,194.1,182.0,185.7,6213.446,1747267199999,1173953.805,4310,2313.223,437986.2661,0,
2025-05-15 00:00:00+00:00,185.5,187.3,175.4,177.7,6371.0,1747353599999,1143647.7381,5087,3246.839,582915.1233,0,
2025-05-16 00:00:00+00:00,177.7,183.1,175.2,176.1,6194.379,1747439999999,1117500.7927,4816,2358.996,425488.999,0,
2025-05-17 00:00:00+00:00,176.0,178.9,172.6,174.4,3601.95,1747526399999,633734.6199,3735,1696.059,298602.9025,0,
2025-05-18 00:00:00+00:00,174.5,186.0,173.3,182.4,5722.27,1747612799999,1023563.5083,5227,3233.907,576940.612,0,
2025-05-19 00:00:00+00:00,182.4,182.8,167.9,175.5,6186.238,1747699199999,1071006.1954,6386,3269.649,565674.1196,0,
2025-05-20 00:00:00+00:00,175.5,182.1,173.1,177.1,30493.782,1747785599999,5343637.8551,8080,27292.565,4781517.2536,0,
2025-05-21 00:00:00+00:00,177.1,185.0,174.2,182.5,16274.674,1747871999999,2906336.4305,7879,13037.372,2327223.7506,0,
2025-05-22 00:00:00+00:00,182.9,190.6,181.9,189.5,9018.345,1747958399999,1688199.7235,6729,6132.416,1148231.2328,0,
2025-05-23 00:00:00+00:00,189.3,197.5,181.6,183.1,20476.539,1748044799999,3887621.9695,11080,14452.554,2746930.5003,0,
2025-05-24 00:00:00+00:00,183.7,187.8,181.9,185.3,4458.569,1748131199999,823964.5645,3419,3050.446,564410.3392,0,
2025-05-25 00:00:00+00:00,185.2,186.4,178.2,184.9,4430.636,1748217599999,803044.2501,4108,2742.78,497249.4155,0,
2025-05-26 00:00:00+00:00,185.2,188.6,182.9,184.4,3134.534,1748303999999,582883.579,5093,2076.801,386370.5463,0,
2025-05-27 00:00:00+00:00,184.3,189.0,180.4,186.4,4865.141,1748390399999,904969.3332,6529,2700.034,503014.3008,0,
2025-05-28 00:00:00+00:00,186.1,187.0,178.1,181.4,5851.532,1748476799999,1064864.0489,4514,3165.192,574408.942,0,
2025-05-29 00:00:00+00:00,181.5,184.8,174.9,175.6,6034.637,1748563199999,1091328.6124,4337,2854.025,517039.2641,0,
2025-05-30 00:00:00+00:00,175.5,176.5,163.7,164.6,10557.171,1748649599999,1788786.3983,5706,3480.32,593261.7879,0,
2025-05-31 00:00:00+00:00,164.6,166.6,160.4,165.0,6559.841,1748735999999,1071546.1024,5053,3543.837,579105.6937,0,
2025-06-01 00:00:00+00:00,164.9,166.5,157.8,166.3,5488.165,1748822399999,883974.7445,4593,2797.778,451217.4518,0,
2025-06-02 00:00:00+00:00,166.2,167.6,160.1,165.4,5109.637,1748908799999,831176.579,4252,2490.316,405126.6517,0,
2025-06-03 00:00:00+00:00,165.4,172.4,162.8,163.8,5767.18,1748995199999,970227.6391,4891,3267.033,549464.2576,0,
2025-06-04 00:00:00+00:00,163.8,166.5,161.5,161.5,4214.54,1749081599999,693655.5652,4047,2183.384,359245.8488,0,
2025-06-05 00:00:00+00:00,161.7,163.0,149.2,152.0,18678.095,1749167999999,2907872.0512,8416,7930.606,1230881.7794,0,
2025-06-06 00:00:00+00:00,151.8,160.5,151.8,155.8,8435.355,1749254399999,1324611.9784,5083,4421.99,694841.4161,0,
2025-06-07 00:00:00+00:00,155.8,161.1,154.9,158.3,3012.468,1749340799999,477612.7053,2990,1328.796,210226.9206,0,
2025-06-08 00:00:00+00:00,158.2,163.7,155.9,160.7,4040.376,1749427199999,643370.3831,3535,2203.636,351447.5774,0,
2025-06-09 00:00:00+00:00,160.8,170.7,157.9,170.1,7193.13,1749513599999,1183295.6703,5288,3577.257,587547.5017,0,
2025-06-10 00:00:00+00:00,170.2,174.8,165.0,174.2,12987.937,1749599999999,2210974.2378,7697,8780.074,1495738.6362,0,
2025-06-11 00:00:00+00:00,174.2,177.7,168.1,170.1,21920.025,1749686399999,3840519.6864,8663,14834.891,2605244.3929,0,
2025-06-12 00:00:00+00:00,169.8,170.3,160.5,161.4,6367.034,1749772799999,1057716.1316,3874,3934.886,653291.5603,0,
2025-06-13 00:00:00+00:00,161.0,161.1,148.7,157.0,16019.873,1749859199999,2444579.6126,7796,9094.735,1387947.7452,0,
2025-06-14 00:00:00+00:00,156.7,157.0,150.2,152.8,3594.862,1749945599999,550890.5047,2791,2102.711,321966.507,0,
2025-06-15 00:00:00+00:00,152.9,162.2,152.3,161.7,7604.877,1750031999999,1190334.8924,4759,4902.698,765784.8151,0,
2025-06-16 00:00:00+00:00,161.5,167.7,159.0,159.3,10439.245,1750118399999,1714815.7633,5091,6704.627,1102270.5006,0,
2025-06-17 00:00:00+00:00,159.1,163.1,154.1,156.2,7422.527,1750204799999,1173586.8632,4950,4033.344,637565.118,0,
2025-06-18 00:00:00+00:00,156.2,157.9,152.2,154.9,4891.366,1750291199999,755046.5238,4007,2438.962,376253.1937,0,
2025-06-19 00:00:00+00:00,154.8,156.5,151.2,155.5,4313.127,1750377599999,660771.0431,2801,2195.846,336363.7945,0,
2025-06-20 00:00:00+00:00,155.6,157.4,143.8,148.3,4867.665,1750463999999,734499.9704,3981,2227.292,337622.9968,0,
2025-06-21 00:00:00+00:00,148.3,150.8,138.6,143.4,7139.518,1750550399999,1036218.1225,3835,2774.344,405289.3846,0,
2025-06-22 00:00:00+00:00,143.6,145.4,133.3,139.2,21416.182,1750636799999,2963176.8579,9803,10406.962,1439746.1556,0,
2025-06-23 00:00:00+00:00,139.4,155.3,138.3,152.7,14831.287,1750723199999,2151782.2649,6393,8438.127,1229405.7134,0,
2025-06-24 00:00:00+00:00,152.7,155.3,150.6,154.2,9330.406,1750809599999,1424781.0998,4110,5393.126,823885.7525,0,
2025-06-25 00:00:00+00:00,154.3,156.7,150.6,152.0,10573.101,1750895999999,1634032.0782,3745,8003.922,1238032.868,0,
2025-06-26 00:00:00+00:00,152.0,156.7,146.9,147.1,5787.581,1750982399999,876329.4749,2837,2925.832,442927.9628,0,
2025-06-27 00:00:00+00:00,147.2,153.4,145.3,150.5,4608.254,1751068799999,690718.0687,3062,2177.182,326494.8602,0,
2025-06-28 00:00:00+00:00,150.6,161.7,149.7,159.8,8167.073,1751155199999,1270249.4025,4593,4659.423,725691.3625,0,
2025-06-29 00:00:00+00:00,160.0,164.1,158.3,162.5,3844.782,1751241599999,617124.7431,2926,2476.233,397618.0214,0,
2025-06-30 00:00:00+00:00,162.5,169.5,158.6,164.1,11521.889,1751327999999,1879238.1006,4672,4970.048,813573.1836,0,
2025-07-01 00:00:00+00:00,164.2,164.9,153.7,155.7,9332.303,1751414399999,1469438.8542,5544,4030.922,634984.7105,0,
2025-07-02 00:00:00+00:00,155.7,163.7,154.7,161.5,7243.926,1751500799999,1157395.8358,7978,3455.42,554180.4345,0,
2025-07-03 00:00:00+00:00,161.6,165.7,158.9,161.3,8552.598,1751587199999,1393065.0462,6121,5061.784,826309.2376,0,
2025-07-04 00:00:00+00:00,161.4,163.1,153.2,156.4,5906.787,1751673599999,937631.1514,4440,3155.616,502807.0492,0,
2025-07-05 00:00:00+00:00,156.4,157.7,154.8,156.5,2333.479,1751759999999,364315.5768,2241,914.998,143057.6036,0,
2025-07-06 00:00:00+00:00,156.5,163.0,155.7,161.0,4818.884,1751846399999,764600.0943,3712,2809.594,445185.9177,0,
2025-07-07 00:00:00+00:00,161.0,162.7,156.7,157.9,3287.212,1751932799999,526667.7058,4491,1419.451,227867.2005,0,
2025-07-08 00:00:00+00:00,157.8,162.2,157.0,160.8,5636.597,1752019199999,900208.2953,5412,3105.111,496789.6956,0,
2025-07-09 00:00:00+00:00,160.8,167.4,159.8,166.6,5596.077,1752105599999,918389.3477,4922,2966.143,487044.6223,0,
2025-07-10 00:00:00+00:00,166.6,175.5,165.0,174.0,13804.216,1752191999999,2332623.5408,8946,7998.351,1354052.7949,0,
2025-07-11 00:00:00+00:00,174.1,178.2,169.3,172.7,29371.38,1752278399999,5116706.9398,13794,14054.63,2452070.0858,0,
2025-07-12 00:00:00+00:00,172.8,173.8,167.4,170.6,9167.58,1752364799999,1565902.5706,3566,5986.22,1022381.3988,0,
2025-07-13 00:00:00+00:00,170.5,174.3,169.6,171.3,5655.17,1752451199999,973915.2775,3377,1887.507,325654.8198,0,
2025-07-14 00:00:00+00:00,170.7,179.1,170.5,172.3,9996.831,1752537599999,1756765.2212,5181,4254.341,750076.3161,0,
2025-07-15 00:00:00+00:00,172.2,174.5,167.1,174.1,12812.076,1752623999999,2179728.9757,4985,6583.367,1119385.9666,0,
2025-07-16 00:00:00+00:00,174.2,186.9,171.2,184.7,10620.456,1752710399999,1900884.3429,6573,4551.727,817037.9122,0,
2025-07-17 00:00:00+00:00,184.5,189.2,179.2,186.7,11864.649,1752796799999,2197763.71,7473,6484.187,1203455.1232,0,
2025-07-18 00:00:00+00:00,186.9,196.1,184.0,188.0,37937.616,1752883199999,7247123.8091,16951,20596.703,3941598.8312,0,
2025-07-19 00:00:00+00:00,188.1,189.6,184.7,187.9,5868.084,1752969599999,1099672.9142,3800,3308.277,619489.936,0,
2025-07-20 00:00:00+00:00,187.9,195.0,187.3,192.7,20787.502,1753055999999,3981542.2046,9811,7624.657,1468562.3961,0,
2025-07-21 00:00:00+00:00,192.7,211.5,189.6,207.3,31445.029,1753142399999,6361858.7072,16586,21236.857,4303261.1972,0,
2025-07-22 00:00:00+00:00,207.5,219.2,206.0,218.8,36409.268,1753228799999,7738478.7807,16201,24353.6,5176079.4667,0,
2025-07-23 00:00:00+00:00,218.6,218.7,195.6,201.5,19779.381,1753315199999,4101226.7896,11676,8129.334,1688652.3138,0,
2025-07-24 00:00:00+00:00,201.2,204.1,190.7,194.4,14857.973,1753401599999,2923220.6009,8557,6342.771,1248899.2571,0,
2025-07-25 00:00:00+00:00,194.4,198.9,187.0,198.8,13477.311,1753487999999,2572503.0466,8296,7046.951,1347103.4157,0,
2025-07-26 00:00:00+00:00,198.8,202.0,196.4,196.8,6383.784,1753574399999,1270476.7193,6001,2534.453,504486.6343,0,
2025-07-27 00:00:00+00:00,196.8,203.0,196.5,200.9,3890.188,1753660799999,775776.7416,4081,1885.665,376235.6583,0,
2025-07-28 00:00:00+00:00,200.4,207.8,194.2,194.6,19524.343,1753747199999,3891823.8351,8971,14003.251,2773576.8745,0,
2025-07-29 00:00:00+00:00,194.8,198.6,189.8,192.8,4687.658,1753833599999,909012.4032,3723,1964.087,381250.3854,0,
2025-07-30 00:00:00+00:00,193.0,195.0,181.6,189.4,7001.196,1753919999999,1320393.5256,3186,2413.527,458172.2529,0,
2025-07-31 00:00:00+00:00,189.4,194.3,182.7,183.3,3535.623,1754006399999,669203.1819,3546,1384.834,262392.815,0,
2025-08-01 00:00:00+00:00,183.3,183.5,169.8,173.4,8261.093,1754092799999,1473052.91,4495,3225.645,573697.647,0,
2025-08-02 00:00:00+00:00,173.3,176.7,166.1,169.0,5984.192,1754179199999,1025427.0983,3424,2189.363,375866.6762,0,
2025-08-03 00:00:00+00:00,168.9,173.6,166.7,172.5,3967.21,1754265599999,681259.3055,3998,1832.069,314728.8127,0,
2025-08-04 00:00:00+00:00,172.3,180.9,171.9,180.6,7543.284,1754351999999,1329944.9391,4508,4583.957,810257.1972,0,
2025-08-05 00:00:00+00:00,180.6,182.9,171.8,174.6,48469.89,1754438399999,8466141.4,25887,22421.456,3918993.3812,0,
2025-08-06 00:00:00+00:00,174.7,180.9,171.7,179.0,3619.515,1754524799999,636594.9619,3942,1791.217,314177.9327,0,
2025-08-07 00:00:00+00:00,179.0,186.9,177.5,186.9,4896.351,1754611199999,891730.7508,4401,2022.199,370047.3332,0,
2025-08-08 00:00:00+00:00,186.4,191.4,184.4,188.5,8014.511,1754697599999,1501932.4495,4782,3503.927,657382.6397,0,
2025-08-09 00:00:00+00:00,188.6,195.4,187.4,192.0,18970.394,1754783999999,3662794.6046,8331,12005.172,2321708.84,0,
2025-08-10 00:00:00+00:00,192.0,198.6,189.4,195.0,11559.624,1754870399999,2241084.2643,5922,2621.029,508686.638,0,
2025-08-11 00:00:00+00:00,194.9,199.2,185.1,186.8,17438.834,1754956799999,3383779.6452,6553,3302.278,636686.5576,0,
2025-08-12 00:00:00+00:00,186.8,206.8,185.5,204.7,13116.404,1755043199999,2597717.2431,7334,5595.243,1102208.8479,0,
2025-08-13 00:00:00+00:00,204.6,218.7,204.4,215.4,42941.896,1755129599999,9122740.2122,15611,17917.114,3808155.0882,0,
2025-08-14 00:00:00+00:00,215.2,224.0,199.4,205.3,34563.977,1755215999999,7407012.4145,11635,18964.369,4056438.9366,0,
2025-08-15 00:00:00+00:00,205.4,211.4,196.0,198.2,13882.443,1755302399999,2862211.5937,5100,7533.903,1570479.4838,0,
2025-08-16 00:00:00+00:00,198.2,203.0,197.9,202.5,3058.044,1755388799999,613498.4109,3890,1512.371,303653.2283,0,
2025-08-17 00:00:00+00:00,202.6,209.0,200.1,204.0,8997.713,1755475199999,1852313.5477,5942,3579.929,738570.7516,0,
2025-08-18 00:00:00+00:00,203.9,204.3,192.1,195.6,6825.339,1755561599999,1335724.1774,4096,2197.015,429200.4786,0,
2025-08-19 00:00:00+00:00,195.4,198.4,187.6,188.2,14899.913,1755647999999,2856611.3634,37279,5378.939,1031808.5119,0,
2025-08-20 00:00:00+00:00,188.2,200.9,188.0,200.9,19571.991,1755734399999,3782414.9618,38725,6431.324,1241108.9532,0,
2025-08-21 00:00:00+00:00,200.8,203.0,191.7,192.7,9264.001,1755820799999,1837481.6378,5081,4652.038,924815.3572,0,
2025-08-22 00:00:00+00:00,192.7,216.6,189.7,214.6,33184.711,1755907199999,6890968.6688,16637,13956.138,2883825.1339,0,
2025-08-23 00:00:00+00:00,214.6,223.1,208.8,218.2,18189.71,1755993599999,3957730.5807,11075,8516.832,1857575.5903,0,
2025-08-24 00:00:00+00:00,218.5,226.7,215.0,220.4,23100.67,1756079999999,5115053.2101,17340,14475.414,3207651.5512,0,
2025-08-25 00:00:00+00:00,220.4,228.3,198.4,200.5,24671.197,1756166399999,5268015.9908,12368,10663.768,2296133.9576,0,
2025-08-26 00:00:00+00:00,200.3,211.9,198.7,209.6,15163.602,1756252799999,3098794.4344,5865,8380.147,1709450.5746,0,
2025-08-27 00:00:00+00:00,209.6,226.9,207.5,217.1,30519.631,1756339199999,6672964.2792,12645,16313.62,3570686.3181,0,
2025-08-28 00:00:00+00:00,217.4,232.0,216.0,229.5,28217.544,1756425599999,6422114.0455,14783,17328.297,3936402.6652,0,
2025-08-29 00:00:00+00:00,229.3,234.9,214.2,219.5,26857.695,1756511999999,6021415.2708,14469,11638.632,2619776.4734,0,
2025-08-30 00:00:00+00:00,219.6,221.7,211.6,217.1,10290.116,1756598399999,2240861.7221,5618,4777.869,1044536.5965,0,
2025-08-31 00:00:00+00:00,217.2,221.4,214.6,214.9,7825.791,1756684799999,1711440.5717,4964,3040.454,665330.7575,0,
2025-09-01 00:00:00+00:00,214.7,219.0,208.0,211.0,21436.732,1756771199999,4559420.6285,11742,4045.918,862961.4344,0,
2025-09-02 00:00:00+00:00,211.2,224.6,210.8,224.6,16504.062,1756857599999,3558458.2518,8638,6517.801,1411902.0456,0,
2025-09-03 00:00:00+00:00,224.6,228.0,222.1,225.7,14607.381,1756943999999,3286052.3807,9197,7427.037,1671763.6083,0,
2025-09-04 00:00:00+00:00,225.6,227.0,216.4,216.9,12828.077,1757030399999,2822186.6544,8617,3787.764,836017.1512,0,
2025-09-05 00:00:00+00:00,217.0,225.2,215.5,218.1,10324.167,1757116799999,2268082.1883,8474,2945.81,650892.7373,0,
2025-09-06 00:00:00+00:00,217.8,219.6,213.8,214.5,4119.978,1757203199999,894194.4827,5012,815.605,176178.8828,0,
2025-09-07 00:00:00+00:00,214.6,223.1,214.5,221.3,6662.0,1757289599999,1460289.7233,7317,2057.617,449795.925,0,
2025-09-08 00:00:00+00:00,221.3,232.7,220.6,229.6,16799.375,1757375999999,3823359.9986,12048,6982.161,1591449.9613,0,
2025-09-09 00:00:00+00:00,229.7,235.6,226.1,233.0,25037.184,1757462399999,5818908.512,15351,14428.815,3367138.8862,0,
2025-09-10 00:00:00+00:00,233.0,242.3,230.8,240.2,44193.575,1757548799999,10490914.3672,28696,16116.713,3827752.6279,0,
2025-09-11 00:00:00+00:00,240.2,245.5,237.9,245.2,20730.011,1757635199999,5018257.6805,13451,9039.451,2188999.7012,0,
2025-09-12 00:00:00+00:00,245.5,261.7,244.9,259.6,32071.891,1757721599999,8161760.2239,24846,17769.077,4529773.4253,0,
2025-09-13 00:00:00+00:00,259.7,261.8,253.1,260.1,21306.589,1757807999999,5491090.412,16720,4252.889,1098769.3186,0,
2025-09-14 00:00:00+00:00,260.1,267.8,256.6,257.7,22777.422,1757894399999,6012377.0677,16261,9265.168,2442295.1277,0,
2025-09-15 00:00:00+00:00,256.9,261.4,246.8,251.7,19524.309,1757980799999,4928924.4704,14212,9755.019,2468991.6435,0,
2025-09-16 00:00:00+00:00,251.6,258.6,248.3,254.0,10741.343,1758067199999,2717493.8289,8908,5715.064,1442939.4272,0,
2025-09-17 00:00:00+00:00,254.0,264.4,249.4,262.6,10030.061,1758153599999,2546108.8669,8094,5069.998,1287751.8584,0,
2025-09-18 00:00:00+00:00,262.8,271.8,260.3,265.7,22326.947,1758239999999,5929910.414,16003,8995.591,2386973.3918,0,
2025-09-19 00:00:00+00:00,265.7,267.5,252.9,256.3,17902.061,1758326399999,4626158.743,10713,5152.783,1337975.7828,0,
2025-09-20 00:00:00+00:00,256.3,258.7,254.4,257.2,6112.824,1758412799999,1568154.8425,6529,1935.067,496840.0154,0,
2025-09-21 00:00:00+00:00,257.2,259.8,252.9,254.2,8988.996,1758499199999,2303367.4063,9664,1726.569,443001.7764,0,
2025-09-22 00:00:00+00:00,253.9,255.5,231.0,236.5,30695.986,1758585599999,7415209.2628,22468,10328.855,2467807.6236,0,
2025-09-23 00:00:00+00:00,236.6,238.1,228.2,229.2,9162.834,1758671999999,2138249.0035,9619,2646.981,617861.629,0,
2025-09-24 00:00:00+00:00,229.3,232.7,220.3,227.2,21906.752,1758758399999,4964012.533,14778,10869.77,2458252.3517,0,
2025-09-25 00:00:00+00:00,227.2,228.2,205.4,206.8,16627.25,1758844799999,3578956.3463,9924,7511.071,1619277.5476,0,
2025-09-26 00:00:00+00:00,206.7,220.3,205.1,219.9,17068.965,1758931199999,3593331.0635,15990,4076.107,857811.9057,0,
2025-09-27 00:00:00+00:00,219.8,220.5,214.8,218.4,6811.889,1759017599999,1481961.6883,8146,2992.023,651807.8097,0,
2025-09-28 00:00:00+00:00,218.5,226.8,212.9,226.8,5004.885,1759103999999,1098675.6151,3574,3473.07,763213.8752,0,
2025-09-29 00:00:00+00:00,226.4,230.8,219.9,228.8,8850.731,1759190399999,1981658.0334,6781,6866.906,1535558.1499,0,
2025-09-30 00:00:00+00:00,228.8,229.8,219.6,224.5,13106.935,1759276799999,2937800.3902,13562,2405.988,537429.8604,0,
2025-10-01 00:00:00+00:00,224.3,239.1,222.0,239.0,15254.607,1759363199999,3545591.2732,11670,5328.676,1237432.5249,0,
2025-10-02 00:00:00+00:00,238.6,252.5,236.0,252.2,18125.523,1759449599999,4378816.8508,16724,3879.843,943810.8984,0,
2025-10-03 00:00:00+00:00,252.2,254.4,244.0,250.1,49662.219,1759535999999,12237597.868,36334,24148.527,5954591.4485,0,
2025-10-04 00:00:00+00:00,250.3,252.0,241.4,245.3,23182.186,1759622399999,5703866.4886,18903,4156.652,1026459.6537,0,
2025-10-05 00:00:00+00:00,245.0,255.9,243.9,245.9,33631.497,1759708799999,8430876.7428,29288,5024.524,1253300.1004,0,
2025-10-06 00:00:00+00:00,245.9,255.8,244.8,250.2,46160.043,1759795199999,11616104.6175,33963,18047.915,4540322.0594,0,
2025-10-07 00:00:00+00:00,249.8,253.1,236.2,236.3,25904.174,1759881599999,6385746.3761,14113,11451.481,2820799.028,0,
2025-10-08 00:00:00+00:00,236.4,246.8,233.6,245.8,17412.992,1759967999999,4186855.5148,9144,12236.558,2957330.3831,0,
2025-10-09 00:00:00+00:00,246.0,247.0,232.8,237.1,7952.983,1760054399999,1918340.4751,8183,2553.985,614798.4271,0,
2025-10-10 00:00:00+00:00,237.1,241.1,34.9,197.4,1715788.523,1760140799999,273105154.647,188782,839504.479,130261026.3957,0,
2025-10-11 00:00:00+00:00,196.8,202.5,182.6,188.9,485438.394,1760227199999,95084556.9043,129194,272999.413,53574149.0654,0,
2025-10-12 00:00:00+00:00,189.0,213.1,183.8,211.1,141096.283,1760313599999,28335482.2673,76443,75241.53,15151008.9241,0,
2025-10-13 00:00:00+00:00,211.0,224.5,202.6,224.0,100126.527,1760399999999,21057198.184,41797,65289.55,13716448.7043,0,
2025-10-14 00:00:00+00:00,224.0,226.9,205.3,217.7,29579.654,1760486399999,6306936.274,19654,13836.352,2946114.721,0,
2025-10-15 00:00:00+00:00,217.6,224.8,206.6,208.7,16321.597,1760572799999,3555474.0642,12384,9254.106,2025999.0549,0,
2025-10-16 00:00:00+00:00,208.8,213.4,196.0,198.8,12373.764,1760659199999,2540899.9114,9635,6897.453,1415286.9816,0,
2025-10-17 00:00:00+00:00,198.7,202.1,187.3,195.7,25955.063,1760745599999,5063631.8283,11301,16326.737,3200010.9763,0,
2025-10-18 00:00:00+00:00,195.7,203.3,195.6,202.0,4929.445,1760831999999,984871.4606,6746,1970.318,395108.9572,0,
2025-10-19 00:00:00+00:00,201.8,207.2,197.6,202.5,5202.495,1760918399999,1053845.9992,4043,1711.51,347474.9766,0,
2025-10-20 00:00:00+00:00,202.3,209.5,198.1,204.2,5937.561,1761004799999,1216405.7761,6769,2336.959,479353.827,0,
2025-10-21 00:00:00+00:00,204.0,212.9,196.9,199.9,12338.543,1761091199999,2504542.2322,8935,6957.237,1413116.6649,0,
2025-10-22 00:00:00+00:00,199.7,201.7,190.8,194.1,5684.282,1761177599999,1120591.6916,3888,2145.814,424186.4774,0,
2025-10-23 00:00:00+00:00,194.0,208.4,193.6,206.1,10322.668,1761263999999,2065562.0267,8225,7352.962,1465912.4628,0,
2025-10-24 00:00:00+00:00,206.2,212.1,203.9,209.1,6693.63,1761350399999,1390416.3422,5401,3606.672,749801.9903,0,
2025-10-25 00:00:00+00:00,208.9,210.8,206.5,209.3,2467.635,1761436799999,515223.9616,6357,1418.935,296160.3182,0,
2025-10-26 00:00:00+00:00,209.2,218.4,207.2,215.9,3943.553,1761523199999,841514.9632,5457,2226.137,474708.8437,0,
2025-10-27 00:00:00+00:00,215.9,221.6,213.1,214.5,13922.038,1761609599999,3012953.9348,9586,7431.568,1612027.6363,0,
2025-10-28 00:00:00+00:00,214.6,220.2,205.6,209.8,5844.325,1761695999999,1251963.6457,5120,2624.09,564289.3309,0,
2025-10-29 00:00:00+00:00,209.6,217.8,204.7,209.4,9348.594,1761782399999,1975328.6294,7933,4199.618,888803.2908,0,
2025-10-30 00:00:00+00:00,209.4,214.2,193.1,199.4,12546.855,1761868799999,2559871.3495,8811,3253.757,659445.8516,0,
2025-10-31 00:00:00+00:00,199.4,205.5,198.5,202.2,13982.866,1761955199999,2822138.2397,7749,4473.825,902859.6102,0,
2025-11-01 00:00:00+00:00,202.3,202.7,198.5,201.4,5734.701,1762041599999,1152863.7678,8171,1222.848,245847.1535,0,
2025-11-02 00:00:00+00:00,201.3,203.6,196.7,202.8,17939.356,1762127999999,3600571.4988,16675,5618.147,1126942.3003,0,
2025-11-03 00:00:00+00:00,202.9,204.3,176.4,179.4,21030.837,1762214399999,3945985.3788,18022,9054.929,1703368.8988,0,
2025-11-04 00:00:00+00:00,179.4,181.8,157.3,167.4,26072.59,1762300799999,4431938.783,18120,15814.975,2688874.8003,0,
2025-11-05 00:00:00+00:00,167.0,177.0,159.0,175.2,11812.395,1762387199999,1995907.3894,10249,6045.897,1021857.6707,0,
2025-11-06 00:00:00+00:00,175.1,176.0,165.9,167.8,7777.631,1762473599999,1328030.5527,10100,4076.792,697109.2411,0,
2025-11-07 00:00:00+00:00,167.8,177.8,162.1,174.9,10128.704,1762559999999,1715461.1787,8743,6131.615,1038421.5209,0,
2025-11-08 00:00:00+00:00,175.0,178.3,168.6,171.0,6313.758,1762646399999,1093113.3526,6220,3512.207,607900.9498,0,
2025-11-09 00:00:00+00:00,170.8,180.2,167.0,178.0,4537.603,1762732799999,789056.004,4863,1933.301,336599.0379,0,
2025-11-10 00:00:00+00:00,178.1,184.4,176.8,180.9,16092.062,1762819199999,2907981.5811,10293,3504.415,635327.7866,0,
2025-11-11 00:00:00+00:00,181.1,185.9,166.6,167.3,9204.435,1762905599999,1610329.4374,7463,2218.587,390890.3317,0,
2025-11-12 00:00:00+00:00,167.1,174.3,163.6,165.9,5527.275,1762991999999,932515.9391,4885,1915.877,323833.64,0,
2025-11-13 00:00:00+00:00,165.8,170.1,152.6,156.7,7192.004,1763078399999,1175121.9681,5867,2154.555,351810.2482,0,
2025-11-14 00:00:00+00:00,156.3,157.7,145.6,150.2,21369.456,1763164799999,3244495.5607,13995,9885.653,1498192.9831,0,
2025-11-15 00:00:00+00:00,150.2,156.5,150.1,151.1,9353.566,1763251199999,1433332.0462,6800,5673.842,869155.7569,0,
2025-11-16 00:00:00+00:00,151.0,155.2,145.6,148.5,9273.182,1763337599999,1392896.5828,7500,3230.605,487682.4515,0,
2025-11-17 00:00:00+00:00,148.5,155.1,139.6,141.8,12872.855,1763423999999,1905405.7427,10998,6280.448,932273.8917,0,
2025-11-18 00:00:00+00:00,141.9,153.9,139.8,152.4,21753.237,1763510399999,3225984.5047,14923,10714.494,1579961.3753,0,
2025-11-19 00:00:00+00:00,152.4,154.7,141.5,148.6,9707.344,1763596799999,1443750.5783,8818,4319.894,643643.1392,0,
2025-11-20 00:00:00+00:00,148.4,156.8,142.1,144.8,11720.086,1763683199999,1763454.1558,7433,3372.005,510605.5403,0,
2025-11-21 00:00:00+00:00,145.1,146.3,131.8,139.3,20259.333,1763769599999,2793711.4841,11992,9615.195,1320251.5826,0,
2025-11-22 00:00:00+00:00,139.3,140.8,135.7,138.3,4827.061,1763855999999,665745.2915,4848,2047.999,282383.2916,0,
2025-11-23 00:00:00+00:00,138.2,144.7,138.2,141.5,4732.068,1763942399999,671096.2546,5248,2321.14,329925.3434,0,
2025-11-24 00:00:00+00:00,141.4,151.5,139.3,150.0,13757.663,1764028799999,1999900.9921,10317,3931.684,566180.8028,0,
2025-11-25 00:00:00+00:00,149.9,152.1,144.1,150.5,5993.73,1764115199999,882293.1057,5258,2849.478,419457.9108,0,
2025-11-26 00:00:00+00:00,150.7,156.7,146.8,154.9,12379.372,1764201599999,1870003.2912,7767,2381.633,361864.3439,0,
2025-11-27 00:00:00+00:00,155.0,156.2,152.3,152.8,9130.68,1764287999999,1409629.8437,5764,2729.559,422152.5194,0,
2025-11-28 00:00:00+00:00,152.7,155.7,147.5,148.9,5738.952,1764374399999,874242.879,5161,2787.915,425535.2124,0,
2025-11-29 00:00:00+00:00,148.9,149.6,146.1,147.4,12586.601,1764460799999,1866235.2629,5815,10046.852,1489118.8101,0,
2025-11-30 00:00:00+00:00,147.3,152.0,144.6,144.9,7046.601,1764547199999,1050278.2202,5682,4498.448,671216.4135,0,
2025-12-01 00:00:00+00:00,145.0,145.1,133.6,137.4,17758.596,1764633599999,2434708.575,9690,11112.932,1522036.481,0,
2025-12-02 00:00:00+00:00,137.4,152.8,136.7,150.4,10362.31,1764719999999,1474716.9475,6456,7442.137,1051215.5594,0,
2025-12-03 00:00:00+00:00,150.5,158.5,148.8,157.0,10298.204,1764806399999,1583214.01,6962,4912.363,755482.0291,0,
2025-12-04 00:00:00+00:00,157.2,159.3,149.7,150.8,9666.931,1764892799999,1504009.8844,7341,2048.02,318940.0042,0,
2025-12-05 00:00:00+00:00,150.8,152.8,142.2,144.8,8382.392,1764979199999,1244340.8749,6828,2835.481,423453.111,0,
2025-12-06 00:00:00+00:00,144.7,145.8,142.6,143.8,3955.827,1765065599999,570463.0406,4262,1053.498,152231.5588,0,
2025-12-07 00:00:00+00:00,143.6,148.0,138.9,143.8,5696.154,1765151999999,814560.0214,5981,1266.365,181717.5842,0,
2025-12-08 00:00:00+00:00,143.6,151.5,142.9,144.6,8732.395,1765238399999,1293287.4814,7639,2499.436,368195.3948,0,
2025-12-09 00:00:00+00:00,144.5,157.4,143.0,150.0,22031.396,1765324799999,3373407.4907,15869,3848.047,588090.5475,0,
2025-12-10 00:00:00+00:00,149.9,154.9,147.2,148.1,11850.862,1765411199999,1779031.62,8056,2922.144,440341.3771,0,
2025-12-11 00:00:00+00:00,148.1,149.7,140.3,148.1,6063.313,1765497599999,874345.0581,5609,1426.514,206664.6982,0,
2025-12-12 00:00:00+00:00,148.3,152.4,141.8,143.9,21939.752,1765583999999,3270942.8058,12307,7355.703,1101775.874,0,
2025-12-13 00:00:00+00:00,143.9,146.1,143.2,144.7,1948.652,1765670399999,281541.9954,3911,608.653,88060.2116,0,
2025-12-14 00:00:00+00:00,144.7,145.3,139.2,140.6,4619.615,1765756799999,658192.627,4447,1683.004,240251.2581,0,
2025-12-15 00:00:00+00:00,141.0,147.3,134.5,138.9,22054.814,1765843199999,3092188.4295,13717,4576.912,634706.6031,0,
2025-12-16 00:00:00+00:00,138.8,141.5,135.9,140.5,9513.083,1765929599999,1320225.927,6053,2998.297,416686.7822,0,
2025-12-17 00:00:00+00:00,140.5,145.7,132.2,134.0,9366.002,1766015999999,1302249.6777,6020,2594.476,361607.488,0,
2025-12-18 00:00:00+00:00,134.1,140.3,127.2,130.1,7371.566,1766102399999,988701.0607,7001,1586.995,213172.0658,0,
2025-12-19 00:00:00+00:00,130.1,139.2,128.1,137.5,11470.585,1766188799999,1556130.5024,7339,1555.441,210296.9372,0,
2025-12-20 00:00:00+00:00,137.5,138.2,136.6,137.0,8986.875,1766275199999,1234134.552,7610,560.146,76986.4705,0,
2025-12-21 00:00:00+00:00,137.0,138.0,134.4,137.2,3854.481,1766361599999,526062.5621,4567,573.823,78361.1934,0,
2025-12-22 00:00:00+00:00,137.2,140.2,135.6,137.1,19245.749,1766447999999,2661396.0268,11363,2243.379,310510.1963,0,
2025-12-23 00:00:00+00:00,137.2,138.3,133.1,135.2,12063.523,1766534399999,1631430.9831,7533,2152.07,291921.7428,0,
2025-12-24 00:00:00+00:00,135.2,135.6,131.6,133.6,24127.956,1766620799999,3225438.6302,12453,2086.674,278761.5611,0,
2025-12-25 00:00:00+00:00,133.5,135.7,130.7,131.1,33057.508,1766707199999,4415000.1185,18037,3040.716,405577.6809,0,
2025-12-26 00:00:00+00:00,130.9,136.4,130.2,133.3,28384.143,1766793599999,3810437.0672,16248,2470.102,331650.4604,0,
2025-12-27 00:00:00+00:00,133.3,136.5,133.0,136.1,11250.679,1766879999999,1506671.675,11943,1068.292,143992.1877,0,
2025-12-28 00:00:00+00:00,136.1,137.0,134.3,136.6,15115.807,1766966399999,2045156.5538,12508,1409.057,191038.1982,0,
2025-12-29 00:00:00+00:00,136.5,142.1,133.6,134.6,43810.327,1767052799999,6050624.7997,28082,6067.748,838105.8248,0,
2025-12-30 00:00:00+00:00,134.4,138.0,133.8,136.3,35177.546,1767139199999,4780333.6534,24496,2955.181,401764.398,0,
2025-12-31 00:00:00+00:00,136.1,139.1,134.2,136.0,29237.845,1767225599999,4009401.0667,16678,3376.078,462195.69,0,
2026-01-01 00:00:00+00:00,135.9,138.9,135.6,138.7,21666.514,1767311999999,2967825.6995,12425,1187.736,162573.9838,0,
2026-01-02 00:00:00+00:00,138.6,145.5,137.5,144.3,46699.588,1767398399999,6589538.5445,33671,6500.229,914275.7237,0,
